{"size_factor": 8, "batch_size": 32, "epoch": 100, "accu_test": [60.5, 61.75, 62.625, 62.5, 63.25, 64.875, 64.625, 63.625, 64.25, 63.625, 62.25, 63.5, 63.75, 62.625, 63.0, 64.5, 64.75, 63.875, 63.625, 64.625, 65.125, 64.375, 61.75, 63.375, 64.625, 64.75, 65.0, 63.5, 63.5, 63.75, 64.0, 63.875, 65.5, 64.0, 64.75, 64.375, 65.125, 64.5, 64.0, 64.375, 65.0, 64.0, 64.375, 64.25, 63.875, 65.0, 65.125, 63.375, 65.125, 64.125, 64.625, 64.125, 65.0, 63.375, 65.25, 65.375, 64.375, 64.375, 65.5, 64.75, 63.75, 63.875, 63.5, 65.0, 64.75, 64.0, 64.5, 63.875, 64.375, 63.375, 64.375, 63.875, 64.625, 63.75, 64.125, 64.25, 64.75, 63.625, 65.375, 64.875, 64.75, 64.875, 65.125, 64.0, 63.625, 65.875, 62.25, 66.125, 64.375, 64.875, 64.5, 64.875, 64.125, 63.0, 64.375, 63.25, 64.375, 62.375, 63.375, 63.75], "accu_train": [52.125, 61.65, 64.575, 66.25, 65.6, 67.375, 67.075, 66.225, 66.85, 66.725, 67.225, 67.875, 65.725, 67.825, 67.475, 67.6, 67.225, 67.55, 66.725, 68.125, 67.725, 69.5, 68.025, 68.125, 67.55, 69.15, 68.2, 69.4, 68.625, 68.325, 70.525, 69.175, 69.5, 68.8, 69.125, 69.325, 69.575, 69.325, 69.25, 68.45, 69.45, 68.9, 69.7, 70.375, 69.8, 70.05, 69.15, 70.4, 70.0, 68.375, 68.6, 70.7, 68.975, 68.775, 69.05, 69.95, 70.7, 69.9, 70.3, 69.775, 70.475, 70.025, 70.25, 69.675, 69.725, 69.775, 70.7, 69.65, 69.9, 70.5, 69.15, 69.675, 68.65, 70.05, 70.125, 69.375, 70.45, 68.725, 68.375, 70.2, 69.725, 68.925, 69.375, 69.35, 69.4, 68.9, 69.575, 70.1, 68.9, 70.15, 69.3, 69.625, 68.35, 70.35, 69.9, 70.375, 69.525, 69.525, 69.925, 70.175], "loss_test": [24.735905408859253, 23.78158926963806, 22.518249094486237, 23.522978335618973, 22.773414492607117, 22.254135489463806, 22.530421316623688, 22.63649880886078, 22.601612150669098, 22.698617964982986, 22.527992367744446, 22.91057026386261, 22.40896627306938, 23.087724655866623, 22.88701006770134, 22.605745375156403, 21.93750250339508, 22.13813653588295, 22.452622771263123, 21.796466886997223, 21.969803392887115, 22.529797792434692, 23.51566046476364, 22.06474980711937, 22.457415759563446, 22.174488842487335, 21.936757624149323, 22.149319857358932, 21.85751247406006, 22.174696683883667, 22.12329787015915, 21.99727952480316, 22.297270506620407, 22.08264297246933, 22.050400376319885, 22.424164354801178, 21.831036627292633, 21.567821502685547, 22.54326555132866, 22.3009552359581, 22.050883263349533, 22.16425460577011, 21.959640443325043, 22.043687283992767, 22.137825906276703, 21.569589495658875, 21.865341901779175, 22.12201201915741, 21.897953659296036, 22.366307020187378, 22.00134152173996, 22.212017714977264, 21.600953102111816, 22.314785599708557, 22.14736646413803, 21.95687961578369, 22.085532546043396, 22.035003811120987, 21.74124175310135, 22.104555130004883, 22.06871098279953, 22.637871980667114, 22.038386702537537, 22.299904227256775, 22.57988268136978, 22.407163083553314, 22.025884687900543, 22.201596975326538, 21.973293662071228, 22.41026359796524, 21.920490086078644, 22.18223261833191, 21.937381982803345, 21.907453179359436, 21.859333276748657, 21.73198652267456, 22.052637726068497, 22.08472168445587, 21.976692348718643, 22.16339087486267, 21.929619282484055, 22.00637596845627, 22.238403528928757, 22.09144675731659, 22.245407462120056, 22.1890387237072, 22.432140290737152, 22.426800042390823, 22.039402425289154, 22.134142100811005, 21.991942763328552, 21.805279344320297, 21.934131622314453, 22.096227020025253, 22.019208699464798, 22.222144663333893, 21.71526861190796, 22.365488171577454, 22.014196515083313, 22.08807760477066], "loss_train": [140.13055896759033, 117.80710464715958, 111.26446616649628, 108.08583092689514, 108.13054174184799, 104.606909096241, 104.04967051744461, 105.15588390827179, 104.84820318222046, 104.90982347726822, 104.14979565143585, 100.45358753204346, 103.836281478405, 99.76521345973015, 101.42863702774048, 100.50072833895683, 103.6574456691742, 101.26258459687233, 102.32490810751915, 97.97368413209915, 101.08926749229431, 96.2718276977539, 102.82121607661247, 99.37841072678566, 102.66769659519196, 96.25172358751297, 97.6690685749054, 96.30960941314697, 98.04544135928154, 98.48635250329971, 93.872134745121, 96.63335928320885, 96.17768371105194, 98.02882120013237, 95.76911646127701, 95.79536011815071, 97.16054049134254, 96.53355461359024, 95.91039803624153, 97.4053885936737, 97.24402731657028, 96.74160668253899, 94.64016312360764, 94.7489341199398, 94.95990979671478, 95.22823560237885, 96.21233627200127, 93.89867854118347, 94.73496627807617, 97.21663016080856, 97.6755082309246, 93.64671221375465, 96.65766477584839, 98.61065021157265, 96.27488905191422, 94.88760960102081, 94.25444877147675, 96.29673638939857, 94.4757189154625, 94.82021912932396, 93.57966870069504, 95.84996974468231, 95.86346709728241, 94.40898379683495, 95.88402584195137, 95.9995314180851, 95.55312606692314, 96.53517532348633, 97.83910486102104, 93.00024896860123, 95.8704704940319, 95.04509717226028, 96.14689826965332, 95.00120249390602, 95.30498585104942, 97.23383915424347, 94.74412295222282, 96.48824191093445, 98.54501324892044, 94.72947144508362, 95.14548146724701, 96.05221962928772, 96.24569687247276, 96.12604516744614, 94.7491163611412, 97.21189615130424, 94.92142778635025, 97.14033907651901, 96.43827584385872, 94.54535162448883, 97.77175083756447, 96.18448746204376, 96.93441879749298, 95.34859520196915, 95.57164433598518, 95.31024426221848, 94.74342247843742, 94.32529300451279, 94.34051641821861, 93.31319585442543]}