{"batch_size": 32, "epoch": 30, "accu_test": [0.125, 0.0, 0.125, 0.125, 0.125, 0.125, 0.125, 0.125, 0.125, 0.125, 0.125, 0.125, 0.125, 0.125, 0.125, 0.125, 0.125, 0.125, 0.125, 0.125, 0.125, 0.125, 0.125, 0.125, 0.125, 0.125, 0.125, 0.125, 0.125, 0.125], "accu_train": [0.15, 0.075, 0.075, 0.025, 0.075, 0.05, 0.075, 0.05, 0.05, 0.1, 0.125, 0.1, 0.05, 0.025, 0.05, 0.075, 0.1, 0.1, 0.125, 0.025, 0.125, 0.05, 0.1, 0.125, 0.075, 0.05, 0.05, 0.1, 0.05, 0.025], "loss_test": [385.6404838562012, 388.41996574401855, 397.9999990463257, 385.7085962295532, 373.7780075073242, 387.3131971359253, 387.509126663208, 389.88307094573975, 391.557822227478, 381.24979400634766, 395.73786544799805, 372.69027042388916, 394.2364091873169, 389.2655076980591, 395.10181427001953, 392.4517135620117, 382.84866428375244, 384.91451358795166, 384.62197399139404, 392.161244392395, 389.60952854156494, 384.7929410934448, 370.15206718444824, 396.830117225647, 391.2355766296387, 388.75188732147217, 376.94251918792725, 392.4523277282715, 396.4960136413574, 385.72679233551025], "loss_train": [1755.2112522125244, 1751.085576057434, 1753.09889793396, 1756.4864473342896, 1757.731110572815, 1748.2986850738525, 1747.994010925293, 1745.88254737854, 1744.971568107605, 1749.2339172363281, 1759.038477897644, 1755.7564506530762, 1747.6343641281128, 1754.146933555603, 1751.535873413086, 1749.537880897522, 1745.0878133773804, 1738.5676012039185, 1748.9768571853638, 1750.914161682129, 1745.3303451538086, 1746.500506401062, 1750.380271911621, 1739.7710418701172, 1732.04922580719, 1743.3659963607788, 1752.0452680587769, 1746.9543762207031, 1742.1159029006958, 1750.2003364562988]}