{"batch_size": 32, "epoch": 30, "accu_test": [58.25, 62.875, 63.75, 63.875, 60.125, 60.375, 65.0, 63.25, 63.375, 63.625, 64.5, 64.625, 62.75, 64.0, 63.625, 64.875, 64.5, 63.75, 63.5, 64.0, 65.125, 64.25, 64.25, 65.125, 65.25, 62.625, 64.0, 63.375, 64.0, 63.75], "accu_train": [50.225, 62.475, 63.95, 64.425, 66.25, 66.875, 66.125, 67.525, 66.85, 67.475, 67.6, 68.5, 67.95, 68.75, 69.225, 69.3, 68.8, 69.225, 69.55, 68.95, 68.925, 69.4, 69.35, 68.325, 69.45, 69.1, 69.75, 69.125, 69.35, 69.975], "loss_test": [25.59536474943161, 23.265548765659332, 23.421262711286545, 22.600240468978882, 23.732571989297867, 24.40976756811142, 22.196084082126617, 22.87764084339142, 23.127976655960083, 22.555261462926865, 21.79044046998024, 22.19213992357254, 22.37926086783409, 22.22042465209961, 21.98251163959503, 21.97090783715248, 21.65631091594696, 22.058689206838608, 22.216473281383514, 22.114545971155167, 21.936315268278122, 21.976251184940338, 22.00821852684021, 21.789032220840454, 21.714380860328674, 22.581136018037796, 22.106853544712067, 22.397291362285614, 21.659668505191803, 21.939595639705658], "loss_train": [144.62614631652832, 115.62477213144302, 111.29204368591309, 111.88252848386765, 105.90568652749062, 105.41135746240616, 106.87503600120544, 102.52816146612167, 103.9200769662857, 103.21325460076332, 99.9497384428978, 97.83569124341011, 97.29386165738106, 98.3720468878746, 98.63009405136108, 95.61310690641403, 98.110790848732, 98.34450006484985, 96.94946885108948, 97.14099803566933, 97.5759180188179, 96.69598576426506, 95.59806844592094, 98.34785488247871, 96.5391193330288, 96.43709653615952, 96.64349511265755, 97.53368791937828, 97.11555710434914, 97.42735084891319]}