{"size_factor": 8, "batch_size": 32, "epoch": 30, "accu_test": [60.75, 63.375, 61.125, 62.0, 61.625, 63.625, 62.75, 62.25, 65.125, 63.125, 62.625, 63.0, 61.875, 63.5, 64.75, 63.625, 64.125, 62.375, 63.125, 63.375, 65.125, 63.5, 63.125, 63.125, 64.375, 64.125, 64.125, 63.625, 63.875, 62.5], "accu_train": [52.15, 63.6, 64.175, 64.9, 66.475, 66.35, 66.525, 65.2, 66.55, 67.075, 68.625, 69.275, 68.45, 67.65, 68.3, 68.4, 69.05, 68.4, 69.175, 70.125, 68.575, 69.325, 69.2, 69.9, 69.95, 69.075, 70.075, 69.625, 69.175, 69.2], "loss_test": [23.933459639549255, 23.286588668823242, 23.4241024851799, 22.872848689556122, 23.54838076233864, 22.247392892837524, 22.39101630449295, 24.006268471479416, 22.702612042427063, 22.343093752861023, 22.123456567525864, 22.06063550710678, 22.102959275245667, 22.48977494239807, 22.156398475170135, 22.056344479322433, 22.0924711227417, 22.323350220918655, 21.921711325645447, 22.173181176185608, 21.88046783208847, 21.64398953318596, 22.129881381988525, 21.917511582374573, 21.779071390628815, 22.122055232524872, 22.05558353662491, 22.027091145515442, 21.761411666870117, 22.03849282860756], "loss_train": [142.19234836101532, 114.62534439563751, 112.66515505313873, 108.07539600133896, 105.74383175373077, 105.77841755747795, 103.75920063257217, 108.40103179216385, 104.55677455663681, 103.60841536521912, 98.85360172390938, 98.10418683290482, 98.00451764464378, 99.58905920386314, 98.3263111114502, 99.26621851325035, 97.21431791782379, 98.9846493601799, 97.07270574569702, 96.54597437381744, 97.59325996041298, 97.2962104678154, 96.49397030472755, 96.49025163054466, 95.21640145778656, 96.06646254658699, 94.54103496670723, 95.80070760846138, 96.38252466917038, 96.2605285346508]}