{"size_factor": 32, "batch_size": 32, "epoch": 30, "accu_test": [67.0, 71.625, 73.625, 74.125, 75.0, 73.875, 72.0, 72.75, 77.375, 76.5, 76.25, 79.75, 79.125, 78.625, 75.875, 78.0, 81.75, 78.875, 80.625, 79.625, 82.0, 80.5, 82.0, 80.875, 83.5, 83.875, 82.75, 81.75, 83.0, 80.5], "accu_train": [51.25, 64.475, 67.85, 70.575, 72.25, 73.1, 73.875, 76.95, 76.95, 78.1, 79.475, 80.1, 80.85, 81.8, 82.95, 82.325, 83.175, 83.4, 83.65, 84.975, 85.8, 86.175, 85.875, 86.925, 87.55, 88.45, 88.325, 88.675, 89.1, 90.1], "loss_test": [20.802169620990753, 18.01204738020897, 16.76506370306015, 15.761663794517517, 15.87092986702919, 14.838527128100395, 18.035920530557632, 17.98100183159113, 13.887462764978409, 14.665366984903812, 15.736304815858603, 13.221661247313023, 13.820788584649563, 14.759809952229261, 15.694806344807148, 14.850792825222015, 12.120250929147005, 12.926307458430529, 13.421845629811287, 13.436420977115631, 12.172566134482622, 13.20581428706646, 12.98806231468916, 13.012073870748281, 11.690222784876823, 12.318168073892593, 11.414825208485126, 14.566618852317333, 11.983613587915897, 15.224645353853703], "loss_train": [136.7083718776703, 106.2901183962822, 96.03670331835747, 89.36930349469185, 85.98560708761215, 81.88007685542107, 77.8457804620266, 73.16751444339752, 73.02389752864838, 68.41524182260036, 64.44260957837105, 63.44717013835907, 61.169185027480125, 58.04457175731659, 55.33363203704357, 54.94456568360329, 55.869104981422424, 52.23500104248524, 51.010238111019135, 48.311896905303, 46.936768621206284, 43.727968730032444, 44.57880947738886, 42.61209933459759, 40.51389557868242, 37.130282543599606, 36.946858271956444, 36.38623784482479, 36.916704297065735, 33.194154150784016]}