{"size_factor": 16, "batch_size": 32, "epoch": 30, "accu_test": [61.375, 69.375, 70.875, 68.875, 69.875, 72.625, 71.75, 73.125, 73.375, 75.125, 75.75, 70.0, 73.625, 76.375, 77.0, 76.5, 78.75, 77.0, 77.375, 78.625, 78.625, 80.75, 79.375, 78.5, 80.75, 79.125, 80.625, 80.5, 81.375, 82.625], "accu_train": [47.425, 61.975, 64.35, 67.725, 69.5, 69.775, 71.625, 72.075, 73.6, 75.375, 75.7, 75.95, 76.175, 77.275, 76.95, 78.325, 78.25, 80.575, 80.225, 80.325, 80.35, 82.375, 82.7, 82.025, 83.225, 83.225, 83.7, 84.275, 85.05, 85.125], "loss_test": [23.03406023979187, 20.46746915578842, 18.160811841487885, 18.569971412420273, 19.319205835461617, 16.72511577606201, 17.09326457977295, 16.255697958171368, 15.830259792506695, 15.309202760457993, 15.17768007516861, 18.053783923387527, 16.143668606877327, 14.0620157122612, 13.674978286027908, 15.009815022349358, 13.836882956326008, 14.569229006767273, 13.674910798668861, 14.212769411504269, 14.334256805479527, 12.778650186955929, 13.51271227747202, 13.151644930243492, 12.591114044189453, 12.989116072654724, 12.38142928481102, 13.249494649469852, 12.888400807976723, 11.765702933073044], "loss_train": [144.85171914100647, 113.28905165195465, 106.23819154500961, 99.53888353705406, 95.4640306532383, 93.03534096479416, 87.33202409744263, 83.86779379844666, 81.0773498415947, 78.34060657024384, 75.80777189135551, 74.74422013759613, 74.74851578474045, 70.95561000704765, 70.30758902430534, 67.93942710757256, 67.96061673760414, 62.40683966875076, 61.71849948167801, 61.92011474072933, 59.69192382693291, 56.48560719192028, 56.92447583377361, 55.07616278529167, 53.439583107829094, 53.02202393114567, 52.239022582769394, 49.78787253797054, 48.754871636629105, 48.476061165332794]}