{"size_factor": 8, "batch_size": 32, "epoch": 30, "accu_test": [56.5, 62.625, 64.625, 64.875, 67.625, 64.125, 69.5, 71.625, 70.75, 71.5, 73.625, 72.625, 74.0, 72.375, 72.25, 72.875, 73.75, 73.75, 74.375, 77.125, 76.0, 73.625, 76.25, 76.5, 77.75, 76.75, 78.5, 78.5, 79.125, 77.125], "accu_train": [41.45, 59.4, 61.8, 64.875, 65.6, 67.775, 68.15, 69.125, 69.825, 71.85, 70.95, 72.0, 72.15, 73.675, 73.3, 74.225, 74.7, 74.325, 75.45, 75.85, 76.1, 76.675, 75.55, 77.425, 78.625, 77.975, 78.275, 78.25, 79.35, 79.575], "loss_test": [26.145294904708862, 22.43012183904648, 21.358946055173874, 20.64755642414093, 19.01850128173828, 20.73605990409851, 18.283267199993134, 16.97611716389656, 17.22212678194046, 16.906337797641754, 16.699289828538895, 17.01682747900486, 16.737622395157814, 16.27049045264721, 17.01508739590645, 16.046603217720985, 16.276908427476883, 16.206683039665222, 15.079722166061401, 14.309480637311935, 14.982806369662285, 16.360502153635025, 15.119223549962044, 14.595074579119682, 14.911998637020588, 15.028516799211502, 13.99278961122036, 14.184323258697987, 13.230138793587685, 14.96298623085022], "loss_train": [154.04503625631332, 120.70577096939087, 112.77582716941833, 104.82781571149826, 102.54843166470528, 98.25832158327103, 96.19388407468796, 94.66310977935791, 92.05914014577866, 89.33741986751556, 89.5620122551918, 87.31179386377335, 86.58420389890671, 82.8878563940525, 83.23454165458679, 81.28427782654762, 80.4876796901226, 78.61844682693481, 78.0344133079052, 75.9856305718422, 76.46183213591576, 74.588982462883, 76.84041553735733, 72.37684139609337, 70.3066528737545, 68.59295001626015, 67.74101400375366, 67.32097604870796, 66.84593567252159, 66.20719629526138]}