{"size_factor": 4, "batch_size": 32, "epoch": 30, "accu_test": [51.125, 57.875, 60.125, 63.375, 64.25, 68.375, 67.625, 69.625, 70.75, 65.875, 70.75, 65.75, 70.25, 70.25, 70.875, 71.375, 70.5, 68.5, 71.5, 72.375, 73.25, 72.625, 72.25, 72.625, 72.5, 72.25, 75.25, 73.875, 74.875, 74.125], "accu_train": [35.75, 50.7, 58.75, 60.825, 62.15, 63.425, 64.425, 65.625, 65.725, 67.325, 67.65, 68.5, 69.325, 69.15, 70.375, 70.9, 72.5, 71.925, 71.325, 71.8, 71.925, 73.775, 72.5, 73.325, 73.8, 73.8, 73.2, 74.25, 74.625, 75.175], "loss_test": [28.486024141311646, 24.133836150169373, 22.86369961500168, 22.900664269924164, 20.751714944839478, 19.886930763721466, 19.45436656475067, 18.954259306192398, 18.43561962246895, 20.52969792485237, 18.281928420066833, 20.886542171239853, 18.013840660452843, 17.887683004140854, 18.349692821502686, 17.622370690107346, 18.054826349020004, 17.994671314954758, 17.149570554494858, 16.91572457551956, 16.366340965032578, 16.663225054740906, 16.704947605729103, 16.510346964001656, 15.888559073209763, 16.83990514278412, 15.320014461874962, 15.320766359567642, 15.853455483913422, 15.259207218885422], "loss_train": [165.92751586437225, 136.8022496700287, 120.77304196357727, 115.62430334091187, 112.25013595819473, 108.5498018860817, 105.99850279092789, 101.577672123909, 100.97467416524887, 98.41156569123268, 97.43487560749054, 95.89045706391335, 94.94830179214478, 93.48370921611786, 91.3738896548748, 89.20627725124359, 85.87600076198578, 87.54536807537079, 87.67749899625778, 87.32614126801491, 85.58822703361511, 83.9029088318348, 84.51738706231117, 82.43848955631256, 81.06128519773483, 80.95145672559738, 80.52716341614723, 78.95359081029892, 77.84989586472511, 76.88233545422554]}