{"size_factor": 16, "batch_size": 32, "epoch": 10, "accu_test": [64.125, 64.125, 72.625, 70.5, 72.375, 74.625, 74.0, 74.0, 74.5, 75.875], "accu_train": [48.675, 64.225, 67.475, 70.075, 72.275, 72.175, 73.775, 74.175, 74.675, 75.675], "loss_test": [22.532659888267517, 24.255217120051384, 17.557046711444855, 17.562880843877792, 15.940346509218216, 15.593962252140045, 16.72285896539688, 15.368081271648407, 15.15067532658577, 15.010820001363754], "loss_train": [142.11634600162506, 107.3504553437233, 99.33509588241577, 92.44438514113426, 87.55283087491989, 85.36497008800507, 80.428816229105, 80.40535470843315, 78.09746406972408, 75.56315612792969]}