{"size_factor": 2, "batch_size": 32, "epoch": 30, "accu_test": [39.0, 42.75, 43.375, 44.375, 45.0, 48.375, 49.625, 51.5, 53.625, 58.0, 61.0, 61.375, 63.25, 63.5, 65.125, 65.375, 65.0, 65.75, 65.375, 67.0, 68.75, 66.375, 67.0, 66.875, 69.0, 68.5, 67.125, 67.25, 69.625, 69.375], "accu_train": [30.875, 38.875, 40.475, 42.775, 43.725, 47.025, 49.05, 51.425, 55.525, 57.375, 57.8, 59.7, 60.2, 60.725, 61.55, 61.875, 62.7, 64.675, 62.425, 63.05, 64.975, 64.475, 64.525, 65.8, 65.2, 66.475, 66.35, 66.9, 66.475, 68.05], "loss_test": [31.738083124160767, 29.498166382312775, 27.977229177951813, 27.081713259220123, 26.810655772686005, 26.53543370962143, 25.453808784484863, 25.197226643562317, 23.545742332935333, 23.21253138780594, 21.71213409304619, 21.243322730064392, 20.600092113018036, 20.185451716184616, 20.437975972890854, 20.257911801338196, 19.92518848180771, 19.734360814094543, 19.81205877661705, 19.513079464435577, 19.15873497724533, 19.573475658893585, 19.213266104459763, 18.833368986845016, 18.87814763188362, 18.499907732009888, 18.75280797481537, 18.965363800525665, 18.204652935266495, 18.81228879094124], "loss_train": [169.5382797718048, 153.45942544937134, 146.6136031150818, 141.31927263736725, 138.709858417511, 134.78020423650742, 132.93311083316803, 129.3848837018013, 122.82302558422089, 118.04754042625427, 118.49791443347931, 114.04879957437515, 112.27991569042206, 111.93048006296158, 109.80426388978958, 108.71779984235764, 108.49390250444412, 104.99113458395004, 107.30398172140121, 105.42158526182175, 102.5360032916069, 103.9001869559288, 105.10170590877533, 101.3572718501091, 100.71718990802765, 100.67410284280777, 99.99248814582825, 97.59457582235336, 98.32907944917679, 96.38651514053345]}